{"32x32": {"loss": 0.7513862849107865, "f1": 0.7901733821733822, "em": 0.69}, "32x64": {"loss": 1.3441394262223003, "f1": 0.5123138528138527, "em": 0.37}, "32x128": {"loss": 3.007326131707523, "f1": 0.16325549450549448, "em": 0.06}, "32x256": {"loss": 4.230919854507665, "f1": 0.10766678691678694, "em": 0.03}, "64x32": {"loss": 3.729149970128201, "f1": 0.2555808080808081, "em": 0.17}, "64x64": {"loss": 0.3344006738444449, "f1": 0.8463333333333334, "em": 0.78}, "64x128": {"loss": 0.5546525881139087, "f1": 0.7963333333333334, "em": 0.71}, "64x256": {"loss": 0.6999299956091227, "f1": 0.7753275613275615, "em": 0.66}, "128x32": {"loss": 9.749055037498474, "f1": 0.014213064713064714, "em": 0.0}, "128x64": {"loss": 1.1583228053571657, "f1": 0.572509324009324, "em": 0.46}, "128x128": {"loss": 0.32245808875739385, "f1": 0.8333589743589745, "em": 0.72}, "128x256": {"loss": 0.45121489383138397, "f1": 0.820047619047619, "em": 0.73}, "256x32": {"loss": 9.723597321510315, "f1": 0.007897546897546898, "em": 0.0}, "256x64": {"loss": 2.501913095712662, "f1": 0.12451634355982182, "em": 0.06}, "256x128": {"loss": 0.7123336830362678, "f1": 0.6485158730158729, "em": 0.49}, "256x256": {"loss": 0.23330619001266314, "f1": 0.7688861693861695, "em": 0.65}}